"Register Id", "Sales Tax Rate", "Money in Register"
"1", "0.06", "2461.775"
"2", "0.09", "3377.349999999999"
"3", "0.12", "47.199999999999996"
